Time,Pressure,Temperature
0.010369539260864258,1017.794434965654,22.410340881347658
0.020702123641967773,1017.9044097059223,22.478993225097657
0.03099656105041504,1017.8240864977087,22.461830139160156
0.04129767417907715,1017.8215299266117,22.496156311035158
0.05159330368041992,1017.7473608994758,22.478993225097657
0.06187629699707031,1017.775586261003,22.478993225097657
0.07216000556945801,1017.8150161509006,22.496156311035158
0.08244585990905762,1017.8797447249552,22.547645568847656
0.0927271842956543,1017.7571312169276,22.478993225097657
0.10300636291503906,1017.781687443784,22.530482482910156
0.11328434944152832,1017.8377822640981,22.530482482910156
0.12356185913085938,1017.7813255417175,22.530482482910156
0.13384056091308594,1017.8069998329464,22.547645568847656
0.1441209316253662,1017.7834753653815,22.547645568847656
0.15440011024475098,1017.7255689836829,22.547645568847656
0.16467905044555664,1017.7971786978565,22.581971740722658
0.1749582290649414,1017.823600356091,22.581971740722658
0.18523645401000977,1017.8257719992337,22.581971740722658
0.19552183151245117,1017.7335311111665,22.547645568847656
0.20580005645751953,1017.5870340010108,22.496156311035158
0.2160780429840088,1017.7559698340744,22.547645568847656
0.2263646125793457,1017.7595641381508,22.564808654785157
0.2366480827331543,1017.7559698340744,22.547645568847656
0.24692606925964355,1017.7255689836829,22.547645568847656
0.2572042942047119,1017.7729286827645,22.581971740722658
0.26748085021972656,1017.78960413764,22.564808654785157
0.2777578830718994,1017.6593385596151,22.547645568847656
0.28803491592407227,1017.740743897507,22.564808654785157
0.29831433296203613,1017.6770723890103,22.547645568847656
0.3085954189300537,1017.8484874884953,22.633460998535156
0.3188750743865967,1017.7841200459466,22.599134826660155
0.32915234565734863,1017.8176844442737,22.650624084472657
0.3394310474395752,1017.7829692929375,22.633460998535156
0.34970855712890625,1017.9743245932455,22.702113342285156
0.359987735748291,1017.7384811065058,22.616297912597656
0.37026500701904297,1017.8130135483589,22.633460998535156
0.380542516708374,1017.8082726574725,22.650624084472657
0.3908200263977051,1017.6875405249177,22.564808654785157
0.40109705924987793,1017.6857308863941,22.564808654785157
0.4113738536834717,1017.8643457993178,22.667787170410158
0.42165327072143555,1017.695079523609,22.599134826660155
0.4319307804107666,1017.7135391440935,22.599134826660155
0.44220733642578125,1017.7279840878106,22.616297912597656
0.4524862766265869,1017.8100451064486,22.667787170410158
0.46276402473449707,1017.7775033544676,22.650624084472657
0.473041296005249,1017.8133031480206,22.667787170410158
0.4833180904388428,1017.7413041744622,22.650624084472657
0.4935953617095947,1017.7576307642687,22.633460998535156
0.5038721561431885,1017.6520070758115,22.599134826660155
0.5141494274139404,1017.6155169116845,22.564808654785157
0.5244274139404297,1017.7778266953461,22.667787170410158
0.5347042083740234,1017.7044198540644,22.633460998535156
0.5449826717376709,1017.8028427804716,22.650624084472657
0.5552599430084229,1017.7720734774671,22.650624084472657
0.5655472278594971,1017.9141865224497,22.719276428222656
0.5758240222930908,1017.7879628246816,22.667787170410158
0.586101770401001,1017.8302781629777,22.684950256347655
0.5963795185089111,1017.762984505962,22.667787170410158
0.6066558361053467,1017.6067254235712,22.616297912597656
0.6169328689575195,1017.8215478246755,22.702113342285156
0.6272122859954834,1017.7181366992587,22.650624084472657
0.6374900341033936,1017.7695395348667,22.650624084472657
0.6477665901184082,1017.7442001088627,22.650624084472657
0.658043622970581,1017.7152407648583,22.650624084472657
0.6683228015899658,1017.6762229266576,22.616297912597656
0.678602933883667,1017.7702245983444,22.667787170410158
0.6888799667358398,1017.8631384486845,22.719276428222656
0.6991567611694336,1017.776337564686,22.684950256347655
0.7094330787658691,1017.7332574895399,22.684950256347655
0.719710111618042,1017.6899013388544,22.650624084472657
0.7299869060516357,1017.7702245983444,22.667787170410158
0.7402634620666504,1017.732576117955,22.667787170410158
0.7505393028259277,1017.7084016228551,22.633460998535156
0.7608153820037842,1017.7791902845746,22.702113342285156
0.771094560623169,1017.7737598307154,22.702113342285156
0.7813730239868164,1017.7919043145286,22.684950256347655
0.7916538715362549,1017.7774236170004,22.684950256347655
0.8019335269927979,1017.7788716867531,22.684950256347655
0.8122117519378662,1017.7788716867531,22.684950256347655
0.82248854637146,1017.729592139328,22.702113342285156
0.8327658176422119,1017.6680943506636,22.684950256347655
0.8430426120758057,1017.7860232734223,22.719276428222656
0.8533196449279785,1017.7878334888042,22.719276428222656
0.8635971546173096,1017.8056184933556,22.702113342285156
0.8738739490509033,1017.8146246764538,22.719276428222656
0.8841512203216553,1017.6742933742754,22.667787170410158
0.8944294452667236,1017.6829814851345,22.667787170410158
0.904710054397583,1017.7057441642365,22.684950256347655
0.9149870872497559,1017.6504442326486,22.650624084472657
0.9252636432647705,1017.8059805236128,22.702113342285156
0.9355487823486328,1017.7462455311625,22.702113342285156
0.9458253383636475,1017.874316915879,22.736439514160157
0.9561197757720947,1017.7509050950166,22.719276428222656
0.9663996696472168,1017.7527153103985,22.719276428222656
0.976677656173706,1017.7443883196424,22.719276428222656
0.986954927444458,1017.7755240242084,22.719276428222656
0.9972314834594727,1017.731040260357,22.702113342285156
1.0075080394744873,1017.821818811043,22.736439514160157
1.0177850723266602,1017.7766101534373,22.719276428222656
1.028062105178833,1017.652527600821,22.684950256347655
1.0383386611938477,1017.7075082936342,22.702113342285156
1.0486156940460205,1017.7759320122591,22.702113342285156
1.0588929653167725,1017.717645140838,22.702113342285156
1.0691699981689453,1017.7979231219454,22.736439514160157
1.0794458389282227,1017.7530773534749,22.719276428222656
1.0897223949432373,1017.6904928715422,22.702113342285156
1.099998950958252,1017.8167007121165,22.753602600097658
1.1102755069732666,1017.7744378949792,22.719276428222656
1.120553731918335,1017.6984088489463,22.719276428222656
1.1308326721191406,1017.8459775899593,22.770765686035155
1.1411094665527344,1017.8340800104121,22.753602600097658
1.151386022567749,1017.6540641506491,22.650624084472657
1.1616628170013428,1017.6753346994278,22.684950256347655
1.1719391345977783,1017.6905394318321,22.684950256347655
1.182215690612793,1017.773665376952,22.736439514160157
1.192500352859497,1017.7497696878543,22.736439514160157
1.20277738571167,1017.6579578623941,22.684950256347655
1.2130539417266846,1017.7150628304584,22.719276428222656
1.2233362197875977,1017.7728903976626,22.753602600097658
1.2336175441741943,1017.7978731389629,22.753602600097658
1.2438948154449463,1017.6366448938861,22.667787170410158
1.2541711330413818,1017.7523040791223,22.736439514160157
1.2644481658935547,1017.7454744488714,22.719276428222656
1.2747254371643066,1017.7574218703911,22.719276428222656
1.285010576248169,1017.8629954220369,22.770765686035155
1.2952899932861328,1017.8025278059312,22.770765686035155
1.305567979812622,1017.7364233719627,22.719276428222656
1.3158550262451172,1017.6893577720376,22.719276428222656
1.3261363506317139,1017.6452872520568,22.684950256347655
1.336414098739624,1017.747959408377,22.736439514160157
1.3466906547546387,1017.7834889718879,22.719276428222656
1.3569672107696533,1017.791355902102,22.753602600097658
1.3672444820404053,1017.702077839775,22.702113342285156
1.3775217533111572,1017.7815800468105,22.753602600097658
1.387798547744751,1017.7826662529542,22.753602600097658
1.3980746269226074,1017.6980955069452,22.702113342285156
1.4083514213562012,1017.7895455585295,22.753602600097658
1.418628454208374,1017.6781344366708,22.719276428222656
1.4289054870605469,1017.7545255257801,22.719276428222656
1.4391825199127197,1017.684651212045,22.719276428222656
1.4494602680206299,1017.6238793042037,22.702113342285156
1.4597368240356445,1017.8086831920018,22.770765686035155
1.4700140953063965,1017.9301850238038,22.822254943847657
1.4802913665771484,1017.7714421228048,22.753602600097658
1.490691900253296,1017.7233898212144,22.719276428222656
1.5009722709655762,1017.7331649842756,22.719276428222656
1.5112512111663818,1017.692665053086,22.702113342285156
1.5215294361114502,1017.7794076345239,22.753602600097658
1.5318059921264648,1017.7215293280113,22.736439514160157
1.5420863628387451,1017.7891834898151,22.753602600097658
1.5523638725280762,1017.7595451970305,22.736439514160157
1.5626411437988281,1017.749301820497,22.770765686035155
1.5729186534881592,1017.7580455803685,22.753602600097658
1.5831947326660156,1017.8488212467631,22.787928771972656
1.5934722423553467,1017.6759102851886,22.736439514160157
1.6037487983703613,1017.8112177627368,22.770765686035155
1.614025592803955,1017.8408551710049,22.787928771972656
1.6243019104003906,1017.6687213166858,22.719276428222656
1.6345784664154053,1017.7703559166612,22.753602600097658
1.6448557376861572,1017.7442869692179,22.753602600097658
1.6551322937011719,1017.7302186695015,22.736439514160157
1.6654093265533447,1017.7034774520152,22.719276428222656
1.6756861209869385,1017.7518363912317,22.770765686035155
1.6859731674194336,1017.6317929228983,22.719276428222656
1.6962502002716064,1017.7876824630549,22.770765686035155
1.706526517868042,1017.7327007703541,22.753602600097658
1.7168030738830566,1017.749301820497,22.770765686035155
1.7270793914794922,1017.7103562704657,22.719276428222656
1.7373571395874023,1017.6827893472015,22.736439514160157
1.747633934020996,1017.754008880433,22.770765686035155
1.7579100131988525,1017.8140601889096,22.787928771972656
1.7681870460510254,1017.723701663384,22.736439514160157
1.7784643173217773,1017.6701694889911,22.719276428222656
1.7887418270111084,1017.8083211104682,22.770765686035155
1.7990190982818604,1017.79021703379,22.770765686035155
1.809295892715454,1017.829992340426,22.787928771972656
1.819573163986206,1017.8129739058518,22.787928771972656
1.8298499584197998,1017.7179087690572,22.736439514160157
1.8401267528533936,1017.8954776664636,22.805091857910156
1.8504033088684082,1017.7630609187722,22.770765686035155
1.8606805801391602,1017.7471293312955,22.770765686035155
1.870957612991333,1017.7479076563628,22.753602600097658
1.881235122680664,1017.7106676511489,22.736439514160157
1.8915116786956787,1017.704821479338,22.753602600097658
1.9017891883850098,1017.7569055327017,22.770765686035155
1.9120652675628662,1017.7381318010713,22.753602600097658
1.9223427772521973,1017.8072348658676,22.770765686035155
1.9326198101043701,1017.8487658413127,22.805091857910156
1.9428958892822266,1017.8057320187988,22.787928771972656
1.9531745910644531,1017.7352352513553,22.753602600097658
1.963451862335205,1017.7453731753614,22.753602600097658
1.973729133605957,1017.7146502659984,22.736439514160157
1.9840061664581299,1017.7637850818393,22.770765686035155
1.9942827224731445,1017.799269072129,22.770765686035155
2.0045599937438965,1017.8194916041992,22.787928771972656
2.014845609664917,1017.8317468042421,22.805091857910156
2.025129795074463,1017.780802913917,22.770765686035155
2.035407066345215,1017.6914249369016,22.753602600097658
2.045684337615967,1017.8129172313132,22.805091857910156
2.055971384048462,1017.7854547350511,22.787928771972656
2.0662479400634766,1017.8260093025467,22.787928771972656
2.0765275955200195,1017.6928732117598,22.753602600097658
2.0868051052093506,1017.7565434511681,22.770765686035155
2.0970818996429443,1017.7244257751747,22.736439514160157
2.107358455657959,1017.8730815683899,22.787928771972656
2.117635488510132,1017.7113917629398,22.736439514160157
2.1279122829437256,1017.7062697541958,22.753602600097658
2.138188600540161,1017.7518363912317,22.770765686035155
2.148467540740967,1017.6871340179466,22.736439514160157
2.158743381500244,1017.8255323464665,22.822254943847657
2.169036626815796,1017.7383824692079,22.787928771972656
2.179313898086548,1017.817681132436,22.787928771972656
2.189591407775879,1017.6809790677243,22.736439514160157
2.1998684406280518,1017.7159903194085,22.770765686035155
2.2101449966430664,1017.7915529081822,22.805091857910156
2.2204225063323975,1017.794199930659,22.770765686035155
2.2307047843933105,1017.754008880433,22.770765686035155
2.2409842014312744,1017.7040973419091,22.753602600097658
2.2512614727020264,1017.7677679787088,22.770765686035155
2.2615389823913574,1017.7127869910569,22.753602600097658
2.271819591522217,1017.7670438156416,22.770765686035155
2.282097339630127,1017.7351806406878,22.770765686035155
2.292375087738037,1017.7901044794952,22.805091857910156
2.30265212059021,1017.7121158747306,22.736439514160157
2.312929630279541,1017.8128581467888,22.822254943847657
2.323206901550293,1017.6936510240641,22.736439514160157
2.333483934402466,1017.7322839884192,22.770765686035155
2.343761682510376,1017.7373531298889,22.770765686035155
2.3540380001068115,1017.7373531298889,22.770765686035155
2.364315986633301,1017.8002434803034,22.805091857910156
2.374595880508423,1017.7279390100163,22.770765686035155
2.3848750591278076,1017.6700628827466,22.753602600097658
2.3951525688171387,1017.8671761454068,22.822254943847657
2.405431032180786,1017.7844237292529,22.770765686035155
2.4157090187072754,1017.7569055327017,22.770765686035155
2.4259955883026123,1017.7974038486881,22.787928771972656
2.436288356781006,1017.7127869910569,22.753602600097658
2.4465668201446533,1017.6502043166137,22.736439514160157
2.4568445682525635,1017.7265456022075,22.753602600097658
2.467122793197632,1017.7723612280813,22.805091857910156
2.4774014949798584,1017.843276226015,22.822254943847657
2.487678289413452,1017.6993904486205,22.753602600097658
2.497955322265625,1017.7594938552267,22.753602600097658
2.5082335472106934,1017.7539525263713,22.787928771972656
2.518510341644287,1017.6517052920975,22.719276428222656
2.528787851333618,1017.7103055952535,22.736439514160157
2.5390641689300537,1017.8465931982827,22.805091857910156
2.5493414402008057,1017.6964938989046,22.753602600097658
2.5596187114715576,1017.7619186021294,22.787928771972656
2.5698955059051514,1017.6132746152807,22.736439514160157
2.580174207687378,1017.6798387380378,22.753602600097658
2.590456247329712,1017.7781549428287,22.805091857910156
2.6007368564605713,1017.770188585051,22.805091857910156
2.6110143661499023,1017.6339651813564,22.719276428222656
2.6212925910949707,1017.6917308566597,22.770765686035155
2.6315693855285645,1017.654911043254,22.736439514160157
2.641846179962158,1017.8389307861254,22.822254943847657
2.6521236896514893,1017.7756201926267,22.805091857910156
2.662400960922241,1017.8320505063006,22.822254943847657
2.672677755355835,1017.6736835698914,22.753602600097658
2.6829540729522705,1017.7023403655543,22.736439514160157
2.6932313442230225,1017.7427843528925,22.770765686035155
2.703508138656616,1017.7511122281645,22.770765686035155
2.713784694671631,1017.7416413183815,22.787928771972656
2.7240612506866455,1017.7460430866945,22.770765686035155
2.7343380451202393,1017.8172625173739,22.805091857910156
2.7446160316467285,1017.7684363004769,22.787928771972656
2.7548928260803223,1017.7774886592931,22.787928771972656
2.7651712894439697,1017.8425519860332,22.822254943847657
2.7754509449005127,1017.8963883880665,22.856581115722655
2.7857275009155273,1017.8508807458213,22.822254943847657
2.7960052490234375,1017.7445947605604,22.770765686035155
2.8063015937805176,1017.8056750878791,22.805091857910156
2.8165812492370605,1017.7383824692079,22.787928771972656
2.82685923576355,1017.6176732429208,22.719276428222656
2.8371362686157227,1017.7647569774751,22.805091857910156
2.8474130630493164,1017.7315026765078,22.787928771972656
2.8576912879943848,1017.8139445067613,22.822254943847657
2.8679683208465576,1017.6761613507161,22.770765686035155
2.8782451152801514,1017.8096582667678,22.805091857910156
2.8885223865509033,1017.8407413860795,22.822254943847657
2.898799419403076,1017.7626427908347,22.787928771972656
2.9090771675109863,1017.8129172313132,22.805091857910156
2.9193544387817383,1017.666080126887,22.753602600097658
2.9296321868896484,1017.6946275089282,22.770765686035155
2.9399092197418213,1017.7622222272731,22.805091857910156
2.9501864910125732,1017.7861213006065,22.805091857910156
2.960465431213379,1017.6953516719954,22.770765686035155
2.970834255218506,1017.6815925737196,22.770765686035155
2.981113910675049,1017.7398308466182,22.787928771972656
2.991391658782959,1017.7867855074521,22.822254943847657
3.00166916847229,1017.8109859882295,22.839418029785158
3.011946201324463,1017.8529933941732,22.839418029785158
3.0222232341766357,1017.7611944134243,22.787928771972656
3.032500982284546,1017.6334357297554,22.770765686035155
3.042778491973877,1017.7517799602557,22.787928771972656
3.0530552864074707,1017.6834594251827,22.753602600097658
3.0633323192596436,1017.7473758332329,22.805091857910156
3.073610544204712,1017.7307189033344,22.805091857910156
3.083888530731201,1017.843215808307,22.839418029785158
3.094165802001953,1017.7415821184856,22.805091857910156
3.1044435501098633,1017.7648713264402,22.770765686035155
3.1147208213806152,1017.6989724873309,22.770765686035155
3.12499737739563,1017.6957137535288,22.770765686035155
3.1352741718292236,1017.8544419254126,22.839418029785158
3.1455514430999756,1017.760470224719,22.787928771972656
3.1558279991149902,1017.5735570984427,22.702113342285156
3.166104316711426,1017.7170765640092,22.770765686035155
3.1763901710510254,1017.7853970862628,22.805091857910156
3.186669111251831,1017.7861789237562,22.787928771972656
3.1969587802886963,1017.7152661563415,22.770765686035155
3.2072362899780273,1017.7593253698998,22.805091857910156
3.2175135612487793,1017.8222121053352,22.839418029785158
3.2277944087982178,1017.6830408998541,22.770765686035155
3.2380735874176025,1017.7051278734015,22.770765686035155
3.248351573944092,1017.8309032927718,22.839418029785158
3.258629083633423,1017.6132746152807,22.736439514160157
3.268906593322754,1017.7788188676548,22.822254943847657
3.2791836261749268,1017.727097831617,22.805091857910156
3.289461851119995,1017.6346359131104,22.736439514160157
3.2997405529022217,1017.6421835917304,22.753602600097658
3.3100175857543945,1017.6299291864701,22.736439514160157
3.3202950954437256,1017.8016324270743,22.822254943847657
3.3305723667144775,1017.7220283312132,22.805091857910156
3.3408496379852295,1017.6910066935924,22.770765686035155
3.3511271476745605,1017.7578769412128,22.805091857910156
3.3614044189453125,1017.7430896957923,22.787928771972656
3.3716816902160645,1017.7936657872773,22.822254943847657
3.3819591999053955,1017.6838214938974,22.753602600097658
3.3922367095947266,1017.7116453410057,22.770765686035155
3.4025139808654785,1017.7550388094294,22.787928771972656
3.4127910137176514,1017.773809656768,22.805091857910156
3.423067808151245,1017.770188585051,22.805091857910156
3.4333455562591553,1017.7264333555707,22.787928771972656
3.4436228275299072,1017.7712749065663,22.805091857910156
3.4538991451263428,1017.6570284090246,22.753602600097658
3.464176893234253,1017.7618601201015,22.805091857910156
3.474454641342163,1017.8067021069454,22.822254943847657
3.484732151031494,1017.7045127009269,22.736439514160157
3.4950101375579834,1017.8880590386011,22.856581115722655
3.5052883625030518,1017.7984329444447,22.805091857910156
3.515566349029541,1017.7438138844975,22.787928771972656
3.525843858718872,1017.7267954499234,22.787928771972656
3.5361218452453613,1017.731081010506,22.805091857910156
3.546415090560913,1017.7658432989905,22.805091857910156
3.5566930770874023,1017.7499105834349,22.805091857910156
3.566969394683838,1017.801932667983,22.839418029785158
3.577247381210327,1017.6892525246145,22.753602600097658
3.587524890899658,1017.6642126601084,22.770765686035155
3.597801923751831,1017.8417672770674,22.839418029785158
3.608078718185425,1017.8099611868624,22.822254943847657
3.6183571815490723,1017.709052826644,22.787928771972656
3.6286356449127197,1017.6818957501958,22.787928771972656
3.638915777206421,1017.6677122554561,22.805091857910156
3.649200439453125,1017.6938448638332,22.787928771972656
3.659478187561035,1017.7329510539182,22.787928771972656
3.669755220413208,1017.7799052276273,22.822254943847657
3.6800317764282227,1017.7694643707076,22.805091857910156
3.6903092861175537,1017.7275196386286,22.787928771972656
3.700587034225464,1017.8362722136636,22.856581115722655
3.7108640670776367,1017.8128581467888,22.822254943847657
3.721141815185547,1017.8188892234748,22.856581115722655
3.731419563293457,1017.6862408824277,22.787928771972656
3.7416961193084717,1017.7553421910108,22.805091857910156
3.7519760131835938,1017.6818957501958,22.787928771972656
3.762253761291504,1017.7651190846472,22.805091857910156
3.772531270980835,1017.845750737976,22.839418029785158
3.782808542251587,1017.7574537881985,22.822254943847657
3.7930853366851807,1017.6894386857588,22.805091857910156
3.8033628463745117,1017.6252224598295,22.736439514160157
3.813641309738159,1017.7610749881063,22.822254943847657
3.823918342590332,1017.7036214113544,22.787928771972656
3.834190607070923,1017.844963708758,22.856581115722655
3.844470262527466,1017.6928171012603,22.770765686035155
3.854748249053955,1017.7206398459285,22.787928771972656
3.8650338649749756,1017.71810518546,22.787928771972656
3.8753111362457275,1017.6547985402358,22.770765686035155
3.885589361190796,1017.7835264275351,22.822254943847657
3.895866632461548,1017.6877479597903,22.770765686035155
3.9061434268951416,1017.7014488452385,22.787928771972656
3.916429281234741,1017.8461128707859,22.839418029785158
3.9267067909240723,1017.6454422101608,22.753602600097658
3.9369843006134033,1017.8019945470651,22.822254943847657
3.9472615718841553,1017.8312654255817,22.839418029785158
3.9575393199920654,1017.8366974177296,22.839418029785158
3.967815399169922,1017.7481000475766,22.805091857910156
3.978093385696411,1017.7253470725129,22.787928771972656
3.988370656967163,1017.7047076944123,22.787928771972656
3.998647928237915,1017.7459274045463,22.805091857910156
4.008925199508667,1017.7430896957923,22.787928771972656
4.019201755523682,1017.6168951742349,22.736439514160157
4.029478549957275,1017.7459274045463,22.805091857910156
4.03975510597229,1017.807426346927,22.822254943847657
4.050032138824463,1017.8594495339153,22.856581115722655
4.060309410095215,1017.7860612674707,22.822254943847657
4.07058572769165,1017.8004841367434,22.839418029785158
4.0809104442596436,1017.7690416279037,22.822254943847657
4.091405868530273,1017.8577011207013,22.839418029785158
4.101959466934204,1017.5665694047715,22.736439514160157
4.112511873245239,1017.7986734726943,22.839418029785158
4.123062372207642,1017.8937899256547,22.873744201660156
4.133617639541626,1017.8825630137665,22.873744201660156
4.144169807434082,1017.7386852611119,22.805091857910156
4.154720783233643,1017.788958227397,22.822254943847657
4.165271043777466,1017.7210019402811,22.787928771972656
4.1758222579956055,1017.733253653536,22.805091857910156
4.186399459838867,1017.6388065222319,22.787928771972656
4.19695520401001,1017.7245630814152,22.805091857910156
4.207509756088257,1017.713035864523,22.787928771972656
4.218062400817871,1017.7303567961627,22.805091857910156
4.22861909866333,1017.701810939591,22.787928771972656
4.23917293548584,1017.7773703876918,22.822254943847657
4.249725580215454,1017.773983165487,22.856581115722655
4.260278701782227,1017.7487629084196,22.822254943847657
4.270830869674683,1017.7119495814652,22.787928771972656
4.281456470489502,1017.7242607894549,22.787928771972656
4.292037487030029,1017.7220882233389,22.787928771972656
4.30271053314209,1017.7069382810695,22.770765686035155
4.313268661499023,1017.7237766290555,22.822254943847657
4.323817729949951,1017.7423063328292,22.805091857910156
4.334367752075195,1017.6684982591484,22.787928771972656
4.344921588897705,1017.7921550821167,22.839418029785158
4.355472564697266,1017.7542558694956,22.805091857910156
4.36602520942688,1017.7054318831177,22.787928771972656
4.376578330993652,1017.7427276014397,22.787928771972656
4.38715934753418,1017.7802046993913,22.839418029785158
4.397712469100952,1017.7802673476181,22.822254943847657
4.408265113830566,1017.6974658073595,22.787928771972656
4.418816328048706,1017.7949876119653,22.856581115722655
4.429411172866821,1017.702173033944,22.787928771972656
4.439964294433594,1017.8854602813506,22.873744201660156
4.45054030418396,1017.6823167367868,22.770765686035155
4.461092233657837,1017.796862808645,22.839418029785158
4.471900463104248,1017.703983505707,22.787928771972656
4.4824652671813965,1017.7050697887648,22.787928771972656
4.493083477020264,1017.7241387490462,22.822254943847657
4.503635883331299,1017.729632581819,22.805091857910156
4.51418924331665,1017.7780946276732,22.822254943847657
4.524740934371948,1017.746228068484,22.822254943847657
4.535292863845825,1017.663729076567,22.805091857910156
4.545842409133911,1017.7123116758178,22.787928771972656
4.556394338607788,1017.7639087229478,22.839418029785158
4.566944360733032,1017.7863609571589,22.839418029785158
4.577493906021118,1017.5976491398478,22.753602600097658
4.588046312332153,1017.9064000670077,22.890907287597656
4.598654747009277,1017.7133377590922,22.805091857910156
4.609208345413208,1017.6782748066695,22.787928771972656
4.619759798049927,1017.7719385878299,22.822254943847657
4.630313396453857,1017.6793610897276,22.787928771972656
4.640868663787842,1017.7144240806072,22.805091857910156
4.651421785354614,1017.6750751061155,22.770765686035155
4.661972284317017,1017.7838885475259,22.822254943847657
4.672525405883789,1017.704647186971,22.805091857910156
4.683100938796997,1017.7549189482629,22.822254943847657
4.693652629852295,1017.7068802605281,22.787928771972656
4.704231262207031,1017.7671679182365,22.839418029785158
4.7147839069366455,1017.7274599387887,22.805091857910156
4.725344896316528,1017.7741113077748,22.822254943847657
4.735900163650513,1017.756729548217,22.822254943847657
4.7464516162872314,1017.8178027865879,22.856581115722655
4.757005929946899,1017.7281841531324,22.805091857910156
4.767560243606567,1017.8475614020251,22.839418029785158
4.778113603591919,1017.8326507573744,22.856581115722655
4.788666725158691,1017.7177430911074,22.787928771972656
4.799217462539673,1017.7205799025262,22.805091857910156
4.809795618057251,1017.7773703876918,22.822254943847657
4.820375680923462,1017.6797231840802,22.787928771972656
4.830929517745972,1017.7060956156577,22.805091857910156
4.841480016708374,1017.7278817329811,22.787928771972656
4.852029323577881,1017.7321053888434,22.822254943847657
4.862584590911865,1017.763247708051,22.822254943847657
4.8731677532196045,1017.8101977283804,22.856581115722655
4.883717775344849,1017.6891376372488,22.787928771972656
4.894271373748779,1017.763546590138,22.839418029785158
4.904825210571289,1017.7418826285948,22.822254943847657
4.915402889251709,1017.7733870677932,22.822254943847657
4.925950765609741,1017.7631844573278,22.839418029785158
4.936501741409302,1017.7436932285485,22.822254943847657
4.947052717208862,1017.7769455041026,22.839418029785158
4.957603693008423,1017.6276424252184,22.770765686035155
4.968154668807983,1017.7925172149268,22.839418029785158
4.9787023067474365,1017.8041054648423,22.839418029785158
4.989253520965576,1017.7998218271206,22.822254943847657
4.999804973602295,1017.7452622619079,22.787928771972656
5.010357141494751,1017.8178027865879,22.856581115722655
5.020937204360962,1017.849606594998,22.873744201660156
5.031489372253418,1017.6537122956349,22.770765686035155
5.042039394378662,1017.7896824673785,22.822254943847657
5.052590847015381,1017.7295705489081,22.822254943847657
5.063161373138428,1017.8077267929408,22.839418029785158
5.073712348937988,1017.6821328301148,22.822254943847657
5.084264278411865,1017.7831643075443,22.822254943847657
5.094814300537109,1017.729208428917,22.822254943847657
5.105442523956299,1017.7281841531324,22.805091857910156
5.115992307662964,1017.7242009742433,22.805091857910156
5.126569032669067,1017.8518444757076,22.856581115722655
5.137120008468628,1017.6414015234936,22.770765686035155
5.147674083709717,1017.680809467138,22.787928771972656
5.158225059509277,1017.7495484762633,22.805091857910156
5.1687774658203125,1017.8890818658306,22.873744201660156
5.1793296337127686,1017.8401904753497,22.873744201660156
5.189878463745117,1017.6529881325679,22.770765686035155
5.20043158531189,1017.6602870274551,22.753602600097658
5.210980653762817,1017.8345246208704,22.839418029785158
5.221529722213745,1017.7787561681521,22.839418029785158
5.232147216796875,1017.8044675976521,22.839418029785158
5.242707252502441,1017.7076044492334,22.787928771972656
5.253270387649536,1017.8204014412858,22.839418029785158
5.263821601867676,1017.7238388670717,22.805091857910156
5.2743823528289795,1017.7002388296542,22.822254943847657
5.2849345207214355,1017.7711513791448,22.839418029785158
5.295491933822632,1017.6826199389013,22.787928771972656
5.306040048599243,1017.8330129030032,22.856581115722655
5.316589593887329,1017.7516598683459,22.822254943847657
5.3271400928497314,1017.8688009927422,22.873744201660156
5.337713241577148,1017.6826199389013,22.787928771972656
5.348264932632446,1017.7643340680236,22.822254943847657
5.358816146850586,1017.812732747783,22.856581115722655
5.369403839111328,1017.6900994699122,22.822254943847657
5.379953622817993,1017.6728433913798,22.787928771972656
5.39052939414978,1017.7249251885869,22.805091857910156
5.401085376739502,1017.7936036133563,22.839418029785158
5.4116339683532715,1017.7631844573278,22.839418029785158
5.4221885204315186,1017.7708522278576,22.822254943847657
5.4327392578125,1017.8304778836007,22.856581115722655
5.44333815574646,1017.8141813302987,22.856581115722655
5.453888416290283,1017.7233498482435,22.839418029785158
5.464438199996948,1017.780501786808,22.856581115722655
5.474987030029297,1017.742968988567,22.822254943847657
5.485536336898804,1017.8221485341352,22.856581115722655
5.496086120605469,1017.8088131913703,22.839418029785158
5.506676197052002,1017.6427895601108,22.787928771972656
5.517230749130249,1017.6861797212134,22.805091857910156
5.52778172492981,1017.8202717607096,22.873744201660156
5.538332223892212,1017.8123706021541,22.856581115722655
5.548909902572632,1017.699696650398,22.770765686035155
5.559461355209351,1017.8316275583915,22.839418029785158
5.570010662078857,1017.7354262965664,22.805091857910156
5.580562591552734,1017.7190690691751,22.822254943847657
5.591113328933716,1017.8339658135918,22.890907287597656
5.601660251617432,1017.7671023985374,22.856581115722655
5.612217903137207,1017.728546260304,22.805091857910156
5.622766971588135,1017.7208796691289,22.822254943847657
5.633314847946167,1017.7386235486778,22.822254943847657
5.643861770629883,1017.8370595505394,22.839418029785158
5.654286623001099,1017.8065762720912,22.856581115722655
5.664670944213867,1017.7437547615159,22.805091857910156
5.675057411193848,1017.8334382224409,22.839418029785158
5.685441017150879,1017.7661446679773,22.822254943847657
5.6958253383636475,1017.7570281995603,22.839418029785158
5.706209897994995,1017.7617359260886,22.839418029785158
5.716594219207764,1017.7809915875996,22.822254943847657
5.726980686187744,1017.7768803305185,22.856581115722655
5.737365007400513,1017.607424995139,22.753602600097658
5.747751235961914,1017.6634289382113,22.787928771972656
5.758100986480713,1017.8312021748585,22.856581115722655
5.768378257751465,1017.6219077437188,22.753602600097658
5.778654336929321,1017.5780372551194,22.770765686035155
5.788930177688599,1017.8207635740956,22.839418029785158
5.7992072105407715,1017.7302947888896,22.822254943847657
5.8094823360443115,1017.6413411827001,22.787928771972656
5.819760799407959,1017.7639087229478,22.839418029785158
5.830045700073242,1017.7701279878762,22.822254943847657
5.840322017669678,1017.6522040132794,22.787928771972656
5.850598335266113,1017.740370090307,22.839418029785158
5.860873460769653,1017.6247457729495,22.770765686035155
5.871150016784668,1017.7613737932787,22.839418029785158
5.881421089172363,1017.6261940990839,22.770765686035155
5.891698837280273,1017.7273978289633,22.822254943847657
5.901975154876709,1017.799397738314,22.839418029785158
5.912251949310303,1017.7411583886133,22.822254943847657
5.922528028488159,1017.7179827092029,22.822254943847657
5.932803392410278,1017.6619805608009,22.787928771972656
5.943079948425293,1017.7661446679773,22.822254943847657
5.95335578918457,1017.7773076369125,22.839418029785158
5.963631868362427,1017.7045189421307,22.839418029785158
5.973907470703125,1017.8846697909827,22.890907287597656
5.984184503555298,1017.7538325882907,22.822254943847657
5.994458913803101,1017.7772424761474,22.856581115722655
6.0048298835754395,1017.6683722704649,22.822254943847657
6.015110015869141,1017.8047655439464,22.856581115722655
6.025388479232788,1017.6850933996984,22.805091857910156
6.035665988922119,1017.7248629890278,22.822254943847657
6.045942783355713,1017.7679552679314,22.822254943847657
6.056219816207886,1017.796436194481,22.856581115722655
6.066494941711426,1017.7710860004555,22.856581115722655
6.076770782470703,1017.7118266693593,22.822254943847657
6.087048292160034,1017.7400720286407,22.822254943847657
6.0973241329193115,1017.6424274657583,22.787928771972656
6.107601165771484,1017.6431516544634,22.787928771972656
6.1178765296936035,1017.6825586494964,22.805091857910156
6.128153562545776,1017.702112436769,22.805091857910156
6.138428449630737,1017.7455038285026,22.822254943847657
6.1487061977386475,1017.7132751493226,22.822254943847657
6.158983469009399,1017.7284841889356,22.822254943847657
6.169260025024414,1017.8104934826132,22.873744201660156
6.179536819458008,1017.8145434759275,22.856581115722655
6.189812898635864,1017.7642708557577,22.839418029785158
6.200096368789673,1017.789850451077,22.873744201660156
6.210387945175171,1017.680386006466,22.805091857910156
6.220664024353027,1017.7938341940048,22.873744201660156
6.230944395065308,1017.7184072594958,22.805091857910156
6.2412214279174805,1017.822510679764,22.856581115722655
6.251499176025391,1017.7783289130343,22.856581115722655
6.261775016784668,1017.801868378915,22.856581115722655
6.272051095962524,1017.7798425665815,22.839418029785158
6.282328367233276,1017.9480497627217,22.890907287597656
6.292605400085449,1017.6981292578799,22.805091857910156
6.302882671356201,1017.811646310896,22.856581115722655
6.313157796859741,1017.5944997923445,22.822254943847657
6.323434591293335,1017.7544932698912,22.839418029785158
6.333711624145508,1017.7699995635688,22.856581115722655
6.343986988067627,1017.8398936699529,22.856581115722655
6.354262590408325,1017.7010261152536,22.805091857910156
6.364538192749023,1017.8312021748585,22.856581115722655
6.374814987182617,1017.7302303716308,22.839418029785158
6.385091543197632,1017.6283057860052,22.787928771972656
6.3953680992126465,1017.7627566509904,22.856581115722655
6.405643701553345,1017.7949876119653,22.856581115722655
6.415919065475464,1017.5433388326736,22.753602600097658
6.426194429397583,1017.7002388296542,22.822254943847657
6.436471223831177,1017.8224447113975,22.873744201660156
6.4467480182647705,1017.8033169614308,22.856581115722655
6.45703387260437,1017.7544932698912,22.839418029785158
6.467311143875122,1017.8018016798611,22.873744201660156
6.47758674621582,1017.792747718661,22.873744201660156
6.4878621101379395,1017.6894386857588,22.805091857910156
6.498137950897217,1017.6958933897648,22.822254943847657
6.508413553237915,1017.7667402529084,22.856581115722655
6.51869010925293,1017.7552175355112,22.839418029785158
6.528966188430786,1017.8025926701728,22.856581115722655
6.539243936538696,1017.8299819296537,22.890907287597656
6.549519300460815,1017.7559418011308,22.839418029785158
6.55979585647583,1017.7613080684745,22.856581115722655
6.570080757141113,1017.775069602374,22.856581115722655
6.580357313156128,1017.7527462283184,22.822254943847657
6.590634107589722,1017.8094070072693,22.873744201660156
6.600909948348999,1017.7873825537577,22.856581115722655
6.611186504364014,1017.7753641131567,22.873744201660156
6.621462821960449,1017.8134570390408,22.856581115722655
6.631738662719727,1017.6835813100781,22.822254943847657
6.642014026641846,1017.7537030102668,22.856581115722655
6.652290105819702,1017.7714481460845,22.856581115722655
6.662568092346191,1017.7465263480746,22.839418029785158
6.672843933105469,1017.5356737156923,22.770765686035155
6.683120965957642,1017.7410279132542,22.856581115722655
6.693396091461182,1017.7194311891659,22.822254943847657
6.703670978546143,1017.7190042545251,22.839418029785158
6.713945388793945,1017.7023461452715,22.839418029785158
6.724221229553223,1017.8419335814673,22.890907287597656
6.734497785568237,1017.7953497575942,22.856581115722655
6.744773626327515,1017.7902797187891,22.856581115722655
6.75504994392395,1017.7671023985374,22.856581115722655
6.7653257846832275,1017.8325851479417,22.873744201660156
6.775601625442505,1017.6857540300226,22.822254943847657
6.785879611968994,1017.7769455041026,22.839418029785158
6.796155214309692,1017.6748904302992,22.822254943847657
6.806431770324707,1017.70748122947,22.822254943847657
6.816707372665405,1017.8274467307841,22.890907287597656
6.82698392868042,1017.7013251896267,22.822254943847657
6.837259292602539,1017.7699995635688,22.856581115722655
6.847534894943237,1017.7389215590674,22.839418029785158
6.8578102588653564,1017.6954656218842,22.839418029785158
6.868086099624634,1017.7700649807153,22.839418029785158
6.878374814987183,1017.7465263480746,22.839418029785158
6.888650894165039,1017.8672163713898,22.908070373535157
6.898927927017212,1017.7905747679729,22.873744201660156
6.9092230796813965,1017.7357265887514,22.822254943847657
6.919498920440674,1017.7226255826236,22.839418029785158
6.929774045944214,1017.7483370121237,22.839418029785158
6.940056562423706,1017.7609459228456,22.856581115722655
6.950334787368774,1017.7482022295563,22.873744201660156
6.960610866546631,1017.6268574085948,22.787928771972656
6.970887899398804,1017.7840559159089,22.873744201660156
6.981163501739502,1017.848814835542,22.890907287597656
6.9914391040802,1017.660043510677,22.822254943847657
7.00171422958374,1017.7881716212083,22.839418029785158
7.0119898319244385,1017.8068718981333,22.873744201660156
7.022265911102295,1017.7295061060111,22.839418029785158
7.032541513442993,1017.6665616705111,22.822254943847657
7.042818784713745,1017.7407322231168,22.839418029785158
7.053094387054443,1017.7150207936168,22.839418029785158
7.0633697509765625,1017.7016218796518,22.839418029785158
7.073646068572998,1017.8541777442884,22.908070373535157
7.083921194076538,1017.6491799109534,22.822254943847657
7.0941972732543945,1017.7931098771089,22.873744201660156
7.104472875595093,1017.6015725548012,22.770765686035155
7.114752292633057,1017.7103130670885,22.839418029785158
7.125027894973755,1017.8820659189223,22.908070373535157
7.135303735733032,1017.6936549578348,22.839418029785158
7.145580768585205,1017.6712692303912,22.822254943847657
7.155857086181641,1017.6333120741433,22.805091857910156
7.166133165359497,1017.9026400593433,22.925233459472658
7.176409959793091,1017.8321549572563,22.890907287597656
7.186686754226685,1017.709226668659,22.839418029785158
7.19696307182312,1017.7410279132542,22.856581115722655
7.207239151000977,1017.7826072821169,22.873744201660156
7.217516183853149,1017.7631187966192,22.856581115722655
7.227795362472534,1017.678511630207,22.822254943847657
7.238072872161865,1017.7258177968391,22.856581115722655
7.248350620269775,1017.7532724478282,22.873744201660156
7.258627414703369,1017.7334228550466,22.856581115722655
7.268904447555542,1017.7493572627197,22.856581115722655
7.279180288314819,1017.7363866293983,22.839418029785158
7.28945779800415,1017.7508719417928,22.839418029785158
7.299734354019165,1017.848814835542,22.890907287597656
7.310010671615601,1017.6896714969265,22.839418029785158
7.320297479629517,1017.8173744931255,22.873744201660156
7.3305745124816895,1017.7902797187891,22.856581115722655
7.340850353240967,1017.6343329913311,22.822254943847657
7.3511269092559814,1017.7081402702293,22.839418029785158
7.361403703689575,1017.7027736695896,22.822254943847657
7.37168025970459,1017.8119421164054,22.873744201660156
7.381956338882446,1017.7262469107224,22.839418029785158
7.39223313331604,1017.6480262237927,22.839418029785158
7.402509927749634,1017.8716982603262,22.873744201660156
7.4127867221832275,1017.7783289130343,22.856581115722655
7.4230639934539795,1017.8104246812313,22.890907287597656
7.4333412647247314,1017.8336036423244,22.890907287597656
7.443619728088379,1017.6987248171729,22.839418029785158
7.45389723777771,1017.8228068698454,22.873744201660156
7.464174747467041,1017.8803237357779,22.890907287597656
7.474451303482056,1017.6853919100319,22.822254943847657
7.484728574752808,1017.796369303141,22.873744201660156
7.49500584602356,1017.8733735008543,22.908070373535157
7.505371332168579,1017.7703617091978,22.856581115722655
7.515650033950806,1017.7366821657068,22.856581115722655
7.525928497314453,1017.695531269774,22.822254943847657
7.536205053329468,1017.8202717607096,22.873744201660156
7.5464818477630615,1017.7783289130343,22.856581115722655
7.556758880615234,1017.9218364953203,22.925233459472658
7.567035913467407,1017.6401921104058,22.805091857910156
7.577312231063843,1017.6130340725274,22.805091857910156
7.587590932846069,1017.8188231269174,22.873744201660156
7.597867488861084,1017.7221963405499,22.856581115722655
7.608144760131836,1017.7497855433633,22.839418029785158
7.618421316146851,1017.7644993597164,22.873744201660156
7.628699064254761,1017.7374730278278,22.839418029785158
7.638975381851196,1017.6748904302992,22.822254943847657
7.64925217628479,1017.701259746842,22.839418029785158
7.659528493881226,1017.8375172763253,22.908070373535157
7.669804811477661,1017.8358445739738,22.873744201660156
7.680081367492676,1017.6684364697995,22.805091857910156
7.69038200378418,1017.6318636454566,22.805091857910156
7.700659275054932,1017.7967314615893,22.873744201660156
7.710935831069946,1017.8360685399809,22.908070373535157
7.721213340759277,1017.7088645358491,22.839418029785158
7.731490135192871,1017.7048810749405,22.839418029785158
7.741766691207886,1017.7424764957698,22.856581115722655
7.752043962478638,1017.7522544277512,22.856581115722655
7.7623207569122314,1017.5888375015674,22.787928771972656
7.7725982666015625,1017.758410903443,22.856581115722655
7.782876014709473,1017.6217246446485,22.805091857910156
7.793152809143066,1017.7001054571848,22.856581115722655
7.803429365158081,1017.7938341940048,22.873744201660156
7.813706398010254,1017.7417522045121,22.856581115722655
7.823983907699585,1017.6769968485814,22.839418029785158
7.834261655807495,1017.7793478560849,22.873744201660156
7.844538450241089,1017.7262469107224,22.839418029785158
7.854815721511841,1017.631139431113,22.805091857910156
7.865092515945435,1017.7786910586633,22.856581115722655
7.875370502471924,1017.6621494033769,22.839418029785158
7.885647535324097,1017.8472962466517,22.908070373535157
7.895924091339111,1017.7456671204203,22.873744201660156
7.906200885772705,1017.8248408333102,22.908070373535157
7.916478633880615,1017.7438563281801,22.873744201660156
7.926755666732788,1017.7392836918772,22.839418029785158
7.937032461166382,1017.7800721729809,22.873744201660156
7.947310209274292,1017.7822451236686,22.873744201660156
7.957587480545044,1017.8578691172189,22.890907287597656
7.967864513397217,1017.8755466053714,22.908070373535157
7.978140830993652,1017.6901629001025,22.805091857910156
7.9884185791015625,1017.7830368062102,22.856581115722655
7.998696327209473,1017.7453736608015,22.856581115722655
8.008973121643066,1017.7450115151723,22.856581115722655
8.019250392913818,1017.7576183492044,22.873744201660156
8.02952790260315,1017.6456237179815,22.805091857910156
8.039804935455322,1017.7526165733801,22.856581115722655
8.050081729888916,1017.8455552941383,22.890907287597656
8.060365200042725,1017.7688452610927,22.873744201660156
8.070642232894897,1017.7768803305185,22.856581115722655
8.080919981002808,1017.7392836918772,22.839418029785158
8.091196775436401,1017.7663781072796,22.856581115722655
8.101474046707153,1017.8245493606476,22.890907287597656
8.111751079559326,1017.7387861099082,22.873744201660156
8.12202763557434,1017.6046391520864,22.822254943847657
8.132304668426514,1017.6766347157717,22.839418029785158
8.142581939697266,1017.6575086707415,22.822254943847657
8.152859210968018,1017.6911200281658,22.839418029785158
8.163137435913086,1017.7692074195406,22.873744201660156
8.173414468765259,1017.7087969522793,22.856581115722655
8.183691263198853,1017.7240070686944,22.856581115722655
8.193967580795288,1017.6867060689142,22.856581115722655
8.20424485206604,1017.7644993597164,22.873744201660156
8.214521646499634,1017.7868835488713,22.890907287597656
8.224799871444702,1017.7763805821262,22.890907287597656
8.235077857971191,1017.785504549701,22.873744201660156
8.245354652404785,1017.7358888423239,22.873744201660156
8.2556312084198,1017.7215391841942,22.839418029785158
8.265907764434814,1017.7466825382254,22.890907287597656
8.276185274124146,1017.8060786260265,22.890907287597656
8.286464929580688,1017.7555137384115,22.856581115722655
8.29674220085144,1017.7673966273005,22.873744201660156
8.307018995285034,1017.6611298706493,22.822254943847657
8.317296266555786,1017.8046299409581,22.890907287597656
8.327573537826538,1017.7135048454552,22.856581115722655
8.337849617004395,1017.7463914373162,22.873744201660156
8.348126649856567,1017.6903275252034,22.856581115722655
8.358404874801636,1017.8017325708217,22.890907287597656
8.368682861328125,1017.7272663793547,22.856581115722655
8.378960371017456,1017.7360244965885,22.839418029785158
8.389239072799683,1017.7546503061012,22.890907287597656
8.399516582489014,1017.6679435283347,22.839418029785158
8.409793615341187,1017.7388550394805,22.856581115722655
8.42007064819336,1017.7706560533325,22.873744201660156
8.430356740951538,1017.6394678960625,22.805091857910156
8.440634727478027,1017.7670344688526,22.873744201660156
8.450912952423096,1017.8578691172189,22.890907287597656
8.46119999885559,1017.8581617692361,22.908070373535157
8.471477031707764,1017.8524365482127,22.890907287597656
8.481753587722778,1017.8021638383091,22.873744201660156
8.492030620574951,1017.7066917389899,22.839418029785158
8.502308130264282,1017.7350930576789,22.890907287597656
8.512586116790771,1017.6324545129686,22.839418029785158
8.522863149642944,1017.8367929081531,22.908070373535157
8.533140182495117,1017.7261105642278,22.873744201660156
8.54341745376587,1017.6954656218842,22.839418029785158
8.553694248199463,1017.816581592772,22.890907287597656
8.563971996307373,1017.7069862241344,22.856581115722655
8.574248313903809,1017.8089047335193,22.908070373535157
8.584526062011719,1017.6660637680651,22.856581115722655
8.594804286956787,1017.7554453985163,22.873744201660156
8.605082273483276,1017.7116242263077,22.873744201660156
8.61536192893982,1017.7641372012685,22.873744201660156
8.62563943862915,1017.7485643880043,22.873744201660156
8.63591718673706,1017.7403036219964,22.856581115722655
8.646193742752075,1017.7003973144194,22.873744201660156
8.656471967697144,1017.7250935055811,22.856581115722655
8.666749477386475,1017.8564204321505,22.890907287597656
8.677037239074707,1017.8354144986599,22.890907287597656
8.687314987182617,1017.6584587098577,22.856581115722655
8.69759225845337,1017.720747758034,22.856581115722655
8.707868814468384,1017.7274874610704,22.890907287597656
8.718146562576294,1017.8096291016915,22.908070373535157
8.728424549102783,1017.738061793012,22.873744201660156
8.738701581954956,1017.6640268305756,22.822254943847657
8.748978614807129,1017.8230299128793,22.908070373535157
8.75925588607788,1017.7889846087809,22.908070373535157
8.769533157348633,1017.7345092919335,22.856581115722655
8.779810428619385,1017.855554461664,22.925233459472658
8.790087461471558,1017.6651131905478,22.822254943847657
8.800365686416626,1017.6848245011553,22.873744201660156
8.810651063919067,1017.5845547227239,22.770765686035155
8.820929527282715,1017.6881546514301,22.856581115722655
8.831206798553467,1017.7054675326915,22.873744201660156
8.841484546661377,1017.7008297484426,22.856581115722655
8.851761817932129,1017.7174884473736,22.856581115722655
8.862038850784302,1017.7818829652207,22.873744201660156
8.872316598892212,1017.7200234667762,22.856581115722655
8.882594108581543,1017.7199538706118,22.873744201660156
8.892872095108032,1017.7142291367132,22.856581115722655
8.9031503200531,1017.7818829652207,22.873744201660156
8.913427591323853,1017.7879700626727,22.890907287597656
8.923704624176025,1017.7250935055811,22.856581115722655
8.933981657028198,1017.82013244019,22.908070373535157
8.944258689880371,1017.8299114105164,22.908070373535157
8.954530477523804,1017.8212898192438,22.890907287597656
8.964809894561768,1017.7746397962608,22.873744201660156
8.975086688995361,1017.7633424165111,22.890907287597656
8.98536467552185,1017.8172349675009,22.908070373535157
8.995641946792603,1017.6299195832995,22.839418029785158
9.005995273590088,1017.6867744344476,22.839418029785158
9.016285419464111,1017.7311091737412,22.890907287597656
9.026565313339233,1017.7463203669583,22.890907287597656
9.03684401512146,1017.741321219044,22.873744201660156
9.047121524810791,1017.7177809199237,22.873744201660156
9.057398796081543,1017.7427698528362,22.873744201660156
9.067676067352295,1017.7142291367132,22.856581115722655
9.07795238494873,1017.8219433606209,22.908070373535157
9.08823013305664,1017.7208149185744,22.839418029785158
9.09850811958313,1017.6114508099968,22.839418029785158
9.10878610610962,1017.7449428035243,22.873744201660156
9.11906361579895,1017.7804343314289,22.873744201660156
9.129340887069702,1017.8031097881409,22.908070373535157
9.139618635177612,1017.7923161178775,22.890907287597656
9.149895906448364,1017.8175237866153,22.925233459472658
9.160173416137695,1017.6061540362649,22.805091857910156
9.170451164245605,1017.6762038456753,22.856581115722655
9.18073558807373,1017.7203160290597,22.873744201660156
9.191013097763062,1017.7055376416189,22.856581115722655
9.201290369033813,1017.7229206318076,22.856581115722655
9.211567640304565,1017.6935868358642,22.856581115722655
9.221845149993896,1017.7894187477409,22.890907287597656
9.232126474380493,1017.7297321487079,22.873744201660156
9.24240517616272,1017.8225945432882,22.925233459472658
9.252683639526367,1017.7959378305485,22.890907287597656
9.262961149215698,1017.5970346322802,22.822254943847657
9.273239374160767,1017.6338328070901,22.856581115722655
9.283517122268677,1017.8866300689988,22.942396545410155
9.293795824050903,1017.7923161178775,22.890907287597656
9.304073810577393,1017.6107951919298,22.822254943847657
9.314351797103882,1017.7033647678452,22.856581115722655
9.324629306793213,1017.6271562522243,22.805091857910156
9.33490800857544,1017.8191167916416,22.890907287597656
9.345217943191528,1017.6429563644546,22.839418029785158
9.355496168136597,1017.7597912998925,22.873744201660156
9.36577320098877,1017.7587048245483,22.873744201660156
9.376049995422363,1017.8447609580486,22.908070373535157
9.386326789855957,1017.6975000468353,22.873744201660156
9.396604061126709,1017.6480935509809,22.822254943847657
9.406880617141724,1017.7297321487079,22.873744201660156
9.417158842086792,1017.7594291414446,22.873744201660156
9.427435398101807,1017.865333778105,22.925233459472658
9.437711954116821,1017.7430608255547,22.890907287597656
9.447988271713257,1017.6924298285635,22.873744201660156
9.458264827728271,1017.8005744995378,22.908070373535157
9.468542575836182,1017.7825374936665,22.890907287597656
9.478819847106934,1017.7427698528362,22.873744201660156
9.489095449447632,1017.7239376135398,22.873744201660156
9.499372005462646,1017.7802921907132,22.908070373535157
9.50964879989624,1017.6632358018068,22.839418029785158
9.519924640655518,1017.6708405908139,22.839418029785158
9.530201196670532,1017.7970243443497,22.890907287597656
9.5404794216156,1017.6177414657598,22.805091857910156
9.550764322280884,1017.7213305495301,22.890907287597656
9.561039924621582,1017.7365417427474,22.890907287597656
9.571316003799438,1017.6957597096375,22.856581115722655
9.581592559814453,1017.728645673364,22.873744201660156
9.591869115829468,1017.8215079525727,22.925233459472658
9.60214638710022,1017.7408877979522,22.890907287597656
9.612424850463867,1017.7384239514599,22.873744201660156
9.622701168060303,1017.7742776378128,22.873744201660156
9.632978916168213,1017.7466825382254,22.890907287597656
9.643255949020386,1017.7412499692196,22.890907287597656
9.6535325050354,1017.7264727226758,22.873744201660156
9.663810729980469,1017.7434941697321,22.873744201660156
9.674087047576904,1017.7156079692359,22.873744201660156
9.684363842010498,1017.8263602169831,22.890907287597656
9.694640398025513,1017.7611693889089,22.890907287597656
9.704917430877686,1017.644042762884,22.839418029785158
9.7151939868927,1017.7329915747401,22.873744201660156
9.725470781326294,1017.8082516536291,22.890907287597656
9.735746622085571,1017.7018459482116,22.873744201660156
9.746023416519165,1017.7684128142504,22.890907287597656
9.756300926208496,1017.7792779522628,22.890907287597656
9.76657748222351,1017.7442184866281,22.873744201660156
9.776853561401367,1017.7243692143232,22.856581115722655
9.787132740020752,1017.7970243443497,22.890907287597656
9.797409772872925,1017.7080026418276,22.873744201660156
9.807687044143677,1017.7007594728674,22.873744201660156
9.817963361740112,1017.7090891171715,22.873744201660156
9.828240394592285,1017.6620801661469,22.856581115722655
9.838515996932983,1017.8486727204645,22.925233459472658
9.848792552947998,1017.644042762884,22.839418029785158
9.859069108963013,1017.6786678075391,22.873744201660156
9.869346141815186,1017.6570795440391,22.839418029785158
9.879622459411621,1017.7304564656041,22.873744201660156
9.889898777008057,1017.7319050993959,22.873744201660156
9.900175333023071,1017.7202440357287,22.890907287597656
9.910452127456665,1017.7893467928673,22.908070373535157
9.920736074447632,1017.7358888423239,22.873744201660156
9.931012630462646,1017.7239376135398,22.873744201660156
9.941289186477661,1017.7131426998262,22.856581115722655
9.95156717300415,1017.7839861787346,22.890907287597656
9.961843490600586,1017.7366131592202,22.873744201660156
9.972120761871338,1017.7001054571848,22.856581115722655
9.98239779472351,1017.8188187168876,22.959559631347656
9.992674827575684,1017.7047432157956,22.873744201660156
10.00295114517212,1017.7889102311025,22.925233459472658
10.013228416442871,1017.7847105212691,22.890907287597656
10.023504972457886,1017.7137971769957,22.873744201660156
10.0337815284729,1017.7691371567844,22.890907287597656
10.044058084487915,1017.7897089769534,22.908070373535157
10.054336547851562,1017.7409590605961,22.873744201660156
10.064613819122314,1017.7175557232857,22.839418029785158
10.07489013671875,1017.7691371567844,22.890907287597656
10.085167646408081,1017.737699634564,22.873744201660156
10.095444917678833,1017.826578709246,22.925233459472658
10.105721950531006,1017.7702236705859,22.890907287597656
10.116000890731812,1017.6249178715705,22.822254943847657
10.126277685165405,1017.7601534583405,22.873744201660156
10.136555194854736,1017.7907212156284,22.925233459472658
10.14683198928833,1017.8041963403995,22.908070373535157
10.157108783721924,1017.5753749266692,22.805091857910156
10.16738510131836,1017.7910834125337,22.925233459472658
10.177662134170532,1017.7489265464523,22.873744201660156
10.187938928604126,1017.7069161664834,22.873744201660156
10.198215961456299,1017.8381690102132,22.925233459472658
10.208500862121582,1017.7278496323374,22.890907287597656
10.218780994415283,1017.6909811947713,22.873744201660156
10.2290620803833,1017.7644289303125,22.890907287597656
10.239340782165527,1017.6979325834112,22.856581115722655
10.249619245529175,1017.6483883566025,22.839418029785158
10.259896278381348,1017.7950675784913,22.925233459472658
10.270172834396362,1017.660631583631,22.856581115722655
10.280449867248535,1017.7145912823421,22.856581115722655
10.29073691368103,1017.7143746870337,22.908070373535157
10.301043033599854,1017.8327360566348,22.925233459472658
10.311325311660767,1017.7457358064305,22.856581115722655
10.321606159210205,1017.7007594728674,22.873744201660156
